Event_ID,Trigger_Tags,requirements,Title,Desc,background,weight,Opt_A_Text,Opt_A_Req,Opt_A_Result,Opt_B_Text,Opt_B_Req,Opt_B_Result,Opt_C_Text,Opt_C_Req,Opt_C_Result,Opt_D_Text,Opt_D_Req,Opt_D_Result
evt_changan_wine_01,actor:status:temporary:drunk,city:econ:level:prosperous,action:intent:study:poetry,prop:money:>50,trait:has:official,长安酒馆奇遇,你在长安的一家酒馆中遇到了一位神秘的诗人，他似乎喝醉了，但眼中却闪烁着智慧的光芒。,bg_rural_poor,15.5,塞钱贿赂,prop:money:>100,prop:money:-100,trait:add:corrupt,拂袖而去,trait:has:proud,prop:prestige:+50,与之对诗,prop:literary_fame:>20,prop:literary_fame:+15,prop:money:-30,静观其变,,,prop:money:-5
evt_market_poetry_02,action:intent:study:poetry,city:econ:level:prosperous,intel:story_lock:event:anlushan_rebel,prop:literary_fame:>30,市场诗会,市场上正在举行一场诗会，许多文人墨客聚集于此。有人提议以诗会友。,bg_market,10.0,参与诗会,prop:literary_fame:>20,prop:literary_fame:+10,prop:money:-20,默默观察,,,prop:literary_fame:+5,慷慨解囊,prop:money:>100,prop:money:-50,prop:prestige:+30,提前离开,,,prop:time:+1
evt_official_meeting_03,actor:status:permanent:official,action:work:type:admin,city:pol:level:stable,prop:official_prestige:>50,trait:not_has:corrupt,官场会晤,你在官署中遇到了几位同僚，他们似乎在讨论一些重要的事情。,bg_government,20.0,参与讨论,prop:official_prestige:>40,prop:official_prestige:+15,prop:money:-10,保持沉默,,,prop:official_prestige:+5,借故离开,trait:has:cautious,prop:safety:+10,暗中观察,prop:intel:>15,prop:intel:+5,prop:money:-5
evt_temple_visit_04,action:travel:destination:temple,actor:status:mental:piety,city:cul:level:traditional,trait:has:buddhist,古寺寻幽,你来到一座古老的寺庙，香火缭绕，钟声悠扬。,bg_temple,12.0,烧香拜佛,prop:money:>20,prop:money:-30,prop:piety:+20,与僧交谈,prop:literary_fame:>25,prop:literary_fame:+8,prop:piety:+10,静心冥想,,,prop:piety:+15,prop:sanity:+10,捐赠香火,prop:money:>100,prop:money:-100,prop:piety:+35,prop:prestige:+20
evt_bandit_encounter_05,action:travel:mode:road,actor:status:physical:weak,city:safety:level:dangerous,prop:health:>30,山贼拦路,在山路上，一群山贼突然拦住了你的去路，他们看起来并不友好。,bg_mountain,8.0,武力反抗,prop:strength:>40,prop:health:-20,prop:prestige:+10,trait:add:brave,交钱保命,prop:money:>50,prop:money:-50,prop:health:-5,智取脱身,prop:intel:>35,prop:intel:+10,prop:prestige:+15,呼救求助,trait:has:connected,prop:money:-20,prop:safety:+25
evt_festival_celebration_06,city:event:type:festival,action:social:activity:celebrate,actor:status:emotional:happy,prop:money:>30,节日庆典,城里正在举行盛大的节日庆典，人们载歌载舞，热闹非凡。,bg_festival,18.0,参与狂欢,prop:money:>20,prop:money:-40,prop:happiness:+25,trait:add:joyful,观看表演,,,prop:money:-10,prop:happiness:+15,购买纪念品,prop:money:>80,prop:money:-60,prop:prestige:+10,协助筹备,trait:has:diligent,prop:money:-15,prop:prestige:+25,trait:add:respected
evt_scholar_debate_07,action:intent:study:debate,actor:status:social:scholar,city:econ:level:prosperous,prop:literary_fame:>40,trait:has:confident,学术辩论,在书院里，几位学者正在就一个学术问题展开激烈辩论。,bg_academy,14.0,加入辩论,prop:literary_fame:>35,prop:literary_fame:+20,prop:prestige:+15,认真倾听,,,prop:literary_fame:+8,提出质疑,prop:intel:>30,prop:intel:+12,prop:literary_fame:+10,记录观点,prop:literary_fame:>25,prop:literary_fame:+12,prop:intel:+8
evt_medicine_treatment_08,actor:status:physical:sick,action:seek:service:healing,city:inf:type:clinic,prop:health:<60,trait:not_has:terminal,求医问药,你感到身体不适，决定寻求医生的帮助。,bg_clinic,9.0,找名医诊治,prop:money:>100,prop:money:-80,prop:health:+30,自己调理,,,prop:health:+10,寻求偏方,prop:intel:>20,prop:health:+15,prop:money:-20,静养休息,,,prop:health:+5,prop:time:+2
evt_business_opportunity_09,action:trade:type:business,city:econ:type:commercial,prop:money:>200,trait:has:merchant,商机发现,你在商业活动中发现了一个潜在的商机，但需要一定的投入。,bg_market,16.0,大胆投资,prop:money:>150,prop:money:-100,prop:money:+150(随机),谨慎观望,,,prop:money:-10,prop:intel:+5,寻找合伙人,trait:has:connected,prop:money:-50,prop:money:+80,放弃机会,,,prop:intel:-5
evt_family_reunion_10,actor:status:emotional:homesick,action:travel:destination:home,city:family:relation:hometown,prop:time:>5,trait:not_has:exiled,家乡团聚,你终于回到了阔别已久的家乡，家人热情地迎接你。,bg_village,11.0,久别叙旧,,,prop:happiness:+30,prop:piety:+15,赠送礼物,prop:money:>50,prop:money:-40,prop:prestige:+20,prop:happiness:+10,帮助家务,trait:has:diligent,prop:prestige:+15,prop:happiness:+8,短暂停留,,,prop:happiness:+15,prop:time:+1