trait_id,trait_name,topic,specific_topic,relate_to,lasting_xun,trait_effect_operations,trait_endogenous_operations,display_char,time_penalty
lilinfu_student,右相门生,,,,,,
kuangda_kuangke,狂客,,,,,,
kuangda_fengying,逢迎,,,,,,
kuangda_zuanying,钻营,,,,,,
disease_dongshang_frostbite,冻伤初起,DISEASE,ACUTE,,,,
disease_dongshang_necrosis,冻疮坏死,DISEASE,CHRONIC,,,,
near_death_mind_broken,心智破损,,,,,,
poisoned,中毒,DISEASE,,,,prop_sub(name=health; val=15),,
sprained_ankle,崴脚,,,,,,,,1
severe_injury,重伤,DISEASE,,,,prop_sub(name=health; val=15),,,1
exhaustion_initial,疲态初显,,,,,,,疲
terminal_illness,病入膏肓,,,,,,,病
